time;Ansaugtemperatur;Auslasstemperatur;Differenz;Raumtemperatur;Ruecklauf;Vorlauf
2020-12-12T09:36:30Z;;;;;;
2020-12-12T09:36:35Z;;;;;;
2020-12-12T09:36:40Z;;30,63;1,44;21,13;38,06;39,50
2020-12-12T09:36:45Z;;30,63;1,44;21,13;38,06;39,50
2020-12-12T09:36:50Z;;30,63;1,18;21,13;37,94;39,12
2020-12-12T09:36:55Z;;30,63;1,18;21,13;37,94;39,12
2020-12-12T09:37:00Z;;30,63;1,06;21,13;37,88;38,94
2020-12-12T09:37:05Z;22,13;30,63;1,06;21,13;37,88;38,94
2020-12-12T09:37:10Z;22,13;30,63;1,25;21,13;37,75;39,00
2020-12-12T09:37:15Z;22,13;30,63;1,25;21,13;37,75;39,00
2020-12-12T09:37:20Z;22,13;30,63;1,50;21,13;37,75;39,25
2020-12-12T09:37:25Z;22,13;30,63;1,50;21,13;37,75;39,25
2020-12-12T09:37:30Z;22,13;30,69;1,75;21,13;37,75;39,50
2020-12-12T09:37:35Z;22,13;30,69;1,75;21,13;37,75;39,50
2020-12-12T09:37:40Z;22,13;30,69;2,18;21,13;37,88;40,06
2020-12-12T09:37:45Z;22,13;30,69;2,18;21,13;37,88;40,06
2020-12-12T09:37:50Z;22,13;30,69;2,50;21,13;37,94;40,44
2020-12-12T09:37:55Z;22,13;30,69;2,50;21,13;37,94;40,44
2020-12-12T09:38:00Z;22,13;30,69;2,82;21,13;38,12;40,94
2020-12-12T09:38:05Z;22,13;30,69;2,82;21,13;38,12;40,94
2020-12-12T09:38:10Z;22,13;30,69;2,87;21,13;38,25;41,12
2020-12-12T09:38:15Z;22,13;30,69;2,87;21,13;38,25;41,12
2020-12-12T09:38:20Z;22,13;30,81;2,87;21,13;38,38;41,25
2020-12-12T09:38:25Z;22,13;30,81;2,87;21,13;38,38;41,25
2020-12-12T09:38:30Z;22,13;30,81;2,75;21,13;38,44;41,19
2020-12-12T09:38:35Z;22,13;30,81;2,75;21,13;38,44;41,19
2020-12-12T09:38:40Z;22,13;30,81;2,62;21,13;38,44;41,06
2020-12-12T09:38:45Z;22,13;30,81;2,62;21,13;38,44;41,06
2020-12-12T09:38:50Z;22,13;30,81;2,44;21,13;38,56;41,00
2020-12-12T09:38:55Z;22,13;30,81;2,44;21,13;38,56;41,00
2020-12-12T09:39:00Z;22,13;30,81;2,44;21,13;38,56;41,00
2020-12-12T09:39:05Z;22,13;30,81;2,44;21,13;38,56;41,00
2020-12-12T09:39:10Z;22,13;30,81;2,44;21,13;38,56;41,00
2020-12-12T09:39:15Z;22,13;30,81;2,44;21,13;38,56;41,00
2020-12-12T09:39:20Z;22,13;30,81;2,50;21,13;38,56;41,06
2020-12-12T09:39:25Z;22,13;30,81;2,50;21,13;38,56;41,06
2020-12-12T09:39:30Z;22,13;30,81;2,50;21,13;38,69;41,19
2020-12-12T09:39:35Z;22,13;30,81;2,50;21,13;38,69;41,19
2020-12-12T09:39:40Z;22,13;30,81;2,50;21,13;38,69;41,19
2020-12-12T09:39:45Z;22,13;30,81;2,50;21,13;38,69;41,19
2020-12-12T09:39:50Z;22,13;30,81;2,56;21,13;38,75;41,31
2020-12-12T09:39:55Z;22,13;30,81;2,56;21,13;38,75;41,31
2020-12-12T09:40:00Z;22,13;30,81;2,63;21,13;38,81;41,44
2020-12-12T09:40:05Z;22,13;30,81;2,63;21,13;38,81;41,44
2020-12-12T09:40:10Z;22,13;30,81;2,62;21,13;38,88;41,50
2020-12-12T09:40:15Z;22,13;30,81;2,62;21,13;38,88;41,50
2020-12-12T09:40:20Z;22,13;30,81;2,62;21,13;38,94;41,56
2020-12-12T09:40:25Z;22,13;30,81;2,62;21,13;38,94;41,56
2020-12-12T09:40:30Z;22,13;30,81;2,62;21,13;38,94;41,56
2020-12-12T09:40:35Z;22,13;30,81;2,62;21,13;38,94;41,56
2020-12-12T09:40:40Z;22,13;30,81;2,62;21,13;39,00;41,62
2020-12-12T09:40:45Z;22,13;30,81;2,62;21,13;39,00;41,62
2020-12-12T09:40:50Z;22,13;30,94;2,56;21,13;39,06;41,62
2020-12-12T09:40:55Z;22,13;30,94;2,56;21,13;39,06;41,62
2020-12-12T09:41:00Z;22,13;30,94;2,50;21,13;39,06;41,56
2020-12-12T09:41:05Z;22,13;30,94;2,50;21,13;39,06;41,56
2020-12-12T09:41:10Z;22,13;30,94;2,38;21,13;39,12;41,50
2020-12-12T09:41:15Z;22,19;30,94;2,38;21,13;39,12;41,50
2020-12-12T09:41:20Z;22,19;30,94;2,32;21,13;39,12;41,44
2020-12-12T09:41:25Z;22,19;30,94;2,32;21,13;39,12;41,44
2020-12-12T09:41:30Z;22,19;30,94;2,13;21,13;39,12;41,25
2020-12-12T09:41:35Z;22,19;30,94;2,13;21,13;39,12;41,25
2020-12-12T09:41:40Z;22,19;30,94;2,13;21,13;39,12;41,25
2020-12-12T09:41:45Z;22,19;30,94;2,13;21,13;39,12;41,25
2020-12-12T09:41:50Z;22,19;30,94;1,88;21,13;39,06;40,94
2020-12-12T09:41:55Z;22,19;30,94;1,88;21,13;39,06;40,94
2020-12-12T09:42:00Z;22,19;30,94;1,75;21,13;39,06;40,81
2020-12-12T09:42:05Z;22,19;30,94;1,75;21,13;39,06;40,81
2020-12-12T09:42:10Z;22,19;30,94;1,56;21,13;39,00;40,56
2020-12-12T09:42:15Z;22,19;30,94;1,56;21,13;39,00;40,56
2020-12-12T09:42:20Z;22,19;30,94;1,25;21,13;38,94;40,19
2020-12-12T09:42:25Z;22,19;30,94;1,25;21,13;38,94;40,19
2020-12-12T09:42:30Z;22,19;31,00;1,00;21,13;38,75;39,75
2020-12-12T09:42:35Z;22,19;31,00;1,00;21,13;38,75;39,75
2020-12-12T09:42:40Z;22,19;31,00;1,25;21,13;38,56;39,81
2020-12-12T09:42:45Z;22,19;31,00;1,25;21,13;38,56;39,81
2020-12-12T09:42:50Z;22,19;31,00;1,62;21,13;38,50;40,12
2020-12-12T09:42:55Z;22,19;31,00;1,62;21,13;38,50;40,12
2020-12-12T09:43:00Z;22,19;31,00;1,87;21,13;38,44;40,31
2020-12-12T09:43:05Z;22,19;31,00;1,87;21,13;38,44;40,31
2020-12-12T09:43:10Z;22,19;31,00;2,00;21,13;38,44;40,44
2020-12-12T09:43:15Z;22,19;31,00;2,00;21,13;38,44;40,44
2020-12-12T09:43:20Z;22,44;30,81;2,00;21,13;38,50;40,50
2020-12-12T09:43:25Z;22,44;30,81;2,00;21,13;38,50;40,50
2020-12-12T09:43:30Z;22,44;30,81;2,00;21,13;38,50;40,50
2020-12-12T09:43:35Z;22,44;30,81;2,00;21,13;38,50;40,50
2020-12-12T09:43:40Z;22,44;30,81;1,44;21,13;38,50;39,94
2020-12-12T09:43:45Z;22,44;30,81;1,44;21,13;38,50;39,94
2020-12-12T09:43:50Z;22,44;30,81;1,06;21,13;38,38;39,44
2020-12-12T09:43:55Z;22,44;30,81;1,06;21,13;38,38;39,44
2020-12-12T09:44:00Z;22,44;30,81;0,57;21,13;38,12;38,69
2020-12-12T09:44:05Z;22,44;30,81;0,57;21,13;38,12;38,69
2020-12-12T09:44:10Z;22,44;30,81;0,37;21,13;37,94;38,31
2020-12-12T09:44:15Z;22,44;30,81;0,37;21,13;37,94;38,31
2020-12-12T09:44:20Z;22,44;30,81;0,06;21,13;37,56;37,62
2020-12-12T09:44:25Z;22,44;30,81;0,06;21,13;37,56;37,62
2020-12-12T09:44:30Z;22,44;30,81;0,06;21,13;37,38;37,44
2020-12-12T09:44:35Z;22,44;30,81;0,06;21,13;37,38;37,44
2020-12-12T09:44:40Z;22,44;30,81;0,06;21,13;37,00;37,06
2020-12-12T09:44:45Z;22,44;30,81;0,06;21,13;37,00;37,06
2020-12-12T09:44:50Z;22,44;30,81;0,13;21,13;36,81;36,94
2020-12-12T09:44:55Z;22,44;30,81;0,13;21,13;36,81;36,94
2020-12-12T09:45:00Z;22,31;30,81;0,32;21,13;36,56;36,88
2020-12-12T09:45:05Z;22,31;30,81;0,32;21,13;36,56;36,88
2020-12-12T09:45:10Z;22,31;30,81;0,62;21,13;36,38;37,00
2020-12-12T09:45:15Z;22,31;30,81;0,62;21,13;36,38;37,00
2020-12-12T09:45:20Z;22,31;30,81;0,87;21,13;36,38;37,25
2020-12-12T09:45:25Z;22,31;30,44;0,87;21,13;36,38;37,25
2020-12-12T09:45:30Z;22,31;30,44;1,43;21,13;36,38;37,81
2020-12-12T09:45:35Z;22,31;30,44;1,43;21,13;36,38;37,81
2020-12-12T09:45:40Z;22,31;30,44;1,62;21,13;36,44;38,06
2020-12-12T09:45:45Z;22,31;30,44;1,62;21,13;36,44;38,06
2020-12-12T09:45:50Z;22,19;29,63;2,00;21,13;36,56;38,56
2020-12-12T09:45:55Z;22,19;29,63;2,00;21,13;36,56;38,56
2020-12-12T09:46:00Z;22,19;29,63;2,32;21,13;36,56;38,88
2020-12-12T09:46:05Z;22,19;29,63;2,32;21,13;36,56;38,88
2020-12-12T09:46:10Z;22,19;29,63;2,50;21,13;36,81;39,31
2020-12-12T09:46:15Z;22,19;29,63;2,50;21,13;36,81;39,31
2020-12-12T09:46:20Z;22,19;29,63;2,87;21,13;36,94;39,81
2020-12-12T09:46:25Z;22,19;29,63;2,87;21,13;36,94;39,81
2020-12-12T09:46:30Z;22,19;29,63;3,00;21,13;37,00;40,00
2020-12-12T09:46:35Z;22,19;29,63;3,00;21,13;37,00;40,00
2020-12-12T09:46:40Z;22,19;29,63;3,13;21,13;37,12;40,25
2020-12-12T09:46:45Z;22,19;29,63;3,13;21,13;37,12;40,25
2020-12-12T09:46:50Z;22,19;29,63;3,25;21,13;37,25;40,50
2020-12-12T09:46:55Z;22,19;29,63;3,25;21,13;37,25;40,50
2020-12-12T09:47:00Z;22,19;29,63;3,31;21,13;37,44;40,75
2020-12-12T09:47:05Z;22,19;28,94;3,31;21,13;37,44;40,75
2020-12-12T09:47:10Z;22,19;28,94;3,32;21,13;37,56;40,88
2020-12-12T09:47:15Z;22,19;28,94;3,32;21,13;37,56;40,88
2020-12-12T09:47:20Z;22,19;28,94;3,31;21,13;37,75;41,06
2020-12-12T09:47:25Z;22,19;28,94;3,31;21,13;37,75;41,06
2020-12-12T09:47:30Z;22,19;28,94;3,31;21,13;37,88;41,19
2020-12-12T09:47:35Z;22,19;28,94;3,31;21,13;37,88;41,19
2020-12-12T09:47:40Z;22,19;28,94;3,31;21,13;37,94;41,25
2020-12-12T09:47:45Z;22,19;28,94;3,31;21,13;37,94;41,25
2020-12-12T09:47:50Z;22,19;28,94;3,06;21,13;38,06;41,12
2020-12-12T09:47:55Z;22,19;28,94;3,06;21,13;38,06;41,12
2020-12-12T09:48:00Z;22,19;28,94;2,88;21,13;38,06;40,94
2020-12-12T09:48:05Z;22,19;28,94;2,88;21,13;38,06;40,94
2020-12-12T09:48:10Z;22,19;28,94;2,44;21,13;38,06;40,50
2020-12-12T09:48:15Z;22,19;28,94;2,44;21,13;38,06;40,50
2020-12-12T09:48:20Z;22,19;28,94;2,13;21,13;38,06;40,19
2020-12-12T09:48:25Z;22,19;28,94;2,13;21,13;38,06;40,19
2020-12-12T09:48:30Z;22,19;28,94;1,81;21,13;38,00;39,81
2020-12-12T09:48:35Z;22,19;28,94;1,81;21,13;38,00;39,81
2020-12-12T09:48:40Z;22,19;28,94;1,56;21,13;37,88;39,44
2020-12-12T09:48:45Z;22,19;28,44;1,56;21,13;37,88;39,44
2020-12-12T09:48:50Z;22,19;28,44;1,50;21,13;37,81;39,31
2020-12-12T09:48:55Z;22,19;28,44;1,50;21,13;37,81;39,31
2020-12-12T09:49:00Z;22,19;28,44;1,31;21,13;37,69;39,00
2020-12-12T09:49:05Z;22,19;28,44;1,31;21,13;37,69;39,00
2020-12-12T09:49:10Z;22,19;28,44;1,32;21,13;37,62;38,94
2020-12-12T09:49:15Z;22,19;28,44;1,32;21,13;37,62;38,94
2020-12-12T09:49:20Z;22,19;28,44;1,12;21,13;37,50;38,62
2020-12-12T09:49:25Z;22,19;28,44;1,12;21,13;37,50;38,62
2020-12-12T09:49:30Z;22,19;28,44;1,12;21,13;37,38;38,50
2020-12-12T09:49:35Z;22,19;28,19;1,12;21,13;37,38;38,50
2020-12-12T09:49:40Z;22,19;28,19;1,37;21,13;37,25;38,62
2020-12-12T09:49:45Z;22,19;28,19;1,37;21,13;37,25;38,62
2020-12-12T09:49:50Z;22,19;28,19;1,50;21,13;37,25;38,75
2020-12-12T09:49:55Z;22,19;28,19;1,50;21,13;37,25;38,75
2020-12-12T09:50:00Z;22,19;28,19;1,75;21,13;37,25;39,00
2020-12-12T09:50:05Z;22,19;28,19;1,75;21,13;37,25;39,00
2020-12-12T09:50:10Z;22,19;28,19;1,87;21,13;37,25;39,12
2020-12-12T09:50:15Z;22,19;28,19;1,87;21,13;37,25;39,12
2020-12-12T09:50:20Z;22,19;28,19;2,06;21,13;37,25;39,31
2020-12-12T09:50:25Z;22,31;28,19;2,06;21,13;37,25;39,31
2020-12-12T09:50:30Z;22,31;28,19;2,07;21,13;37,31;39,38
2020-12-12T09:50:35Z;22,31;28,19;2,07;21,13;37,31;39,38
2020-12-12T09:50:40Z;22,31;28,19;1,93;21,13;37,38;39,31
2020-12-12T09:50:45Z;22,31;28,19;1,93;21,13;37,38;39,31
2020-12-12T09:50:50Z;22,31;28,19;1,81;21,13;37,38;39,19
2020-12-12T09:50:55Z;22,31;28,19;1,81;21,13;37,38;39,19
2020-12-12T09:51:00Z;22,31;28,19;1,75;21,13;37,31;39,06
2020-12-12T09:51:05Z;22,31;28,19;1,75;21,13;37,31;39,06
2020-12-12T09:51:10Z;22,31;28,19;1,50;21,13;37,25;38,75
2020-12-12T09:51:15Z;22,31;28,00;1,50;21,13;37,25;38,75
2020-12-12T09:51:20Z;22,31;28,00;1,37;21,13;37,19;38,56
2020-12-12T09:51:25Z;22,31;28,00;1,37;21,13;37,19;38,56
2020-12-12T09:51:30Z;22,31;28,00;1,06;21,13;37,00;38,06
2020-12-12T09:51:35Z;22,31;28,00;1,06;21,13;37,00;38,06
2020-12-12T09:51:40Z;22,31;28,00;1,00;21,13;36,75;37,75
2020-12-12T09:51:45Z;22,31;28,00;1,00;21,13;36,75;37,75
2020-12-12T09:51:50Z;22,31;28,00;0,93;21,13;36,69;37,62
2020-12-12T09:51:55Z;22,31;28,00;0,93;21,13;36,69;37,62
2020-12-12T09:52:00Z;22,31;28,00;0,88;21,13;36,50;37,38
2020-12-12T09:52:05Z;22,19;28,00;0,88;21,19;36,50;37,38
2020-12-12T09:52:10Z;22,19;28,00;0,87;21,19;36,38;37,25
2020-12-12T09:52:15Z;22,19;28,00;0,87;21,19;36,38;37,25
2020-12-12T09:52:20Z;22,19;28,00;0,94;21,19;36,25;37,19
2020-12-12T09:52:25Z;22,19;28,00;0,94;21,19;36,25;37,19
2020-12-12T09:52:30Z;22,19;27,81;1,00;21,19;36,19;37,19
2020-12-12T09:52:35Z;22,19;27,81;1,00;21,19;36,19;37,19
2020-12-12T09:52:40Z;22,19;27,81;0,94;21,19;36,06;37,00
2020-12-12T09:52:45Z;22,19;27,81;0,94;21,19;36,06;37,00
2020-12-12T09:52:50Z;22,19;27,81;0,87;21,19;35,94;36,81
2020-12-12T09:52:55Z;22,19;27,81;0,87;21,19;35,94;36,81
2020-12-12T09:53:00Z;22,19;27,81;0,63;21,19;35,75;36,38
2020-12-12T09:53:05Z;22,19;27,81;0,63;21,19;35,75;36,38
2020-12-12T09:53:10Z;22,19;27,81;0,69;21,19;35,50;36,19
2020-12-12T09:53:15Z;22,19;27,81;0,69;21,19;35,50;36,19
2020-12-12T09:53:20Z;22,19;27,81;0,75;21,19;35,44;36,19
2020-12-12T09:53:25Z;22,19;27,81;0,75;21,19;35,44;36,19
2020-12-12T09:53:30Z;22,19;27,81;1,12;21,19;35,38;36,50
2020-12-12T09:53:35Z;22,19;27,81;1,12;21,19;35,38;36,50
2020-12-12T09:53:40Z;22,19;27,81;1,37;21,19;35,38;36,75
2020-12-12T09:53:45Z;22,19;27,81;1,37;21,19;35,38;36,75
2020-12-12T09:53:50Z;22,19;27,81;1,87;21,19;35,44;37,31
2020-12-12T09:53:55Z;22,19;27,81;1,87;21,19;35,44;37,31
2020-12-12T09:54:00Z;22,19;27,81;2,06;21,19;35,50;37,56
2020-12-12T09:54:05Z;22,19;27,81;2,06;21,19;35,50;37,56
2020-12-12T09:54:10Z;22,19;27,63;2,31;21,19;35,69;38,00
2020-12-12T09:54:15Z;22,19;27,63;2,31;21,19;35,69;38,00
2020-12-12T09:54:20Z;22,19;27,63;2,56;21,19;35,75;38,31
2020-12-12T09:54:25Z;22,19;27,63;2,56;21,19;35,75;38,31
2020-12-12T09:54:30Z;22,19;27,63;2,75;21,19;35,94;38,69
2020-12-12T09:54:35Z;22,19;27,63;2,75;21,19;35,94;38,69
2020-12-12T09:54:40Z;22,19;27,63;2,82;21,19;36,06;38,88
2020-12-12T09:54:45Z;22,19;27,63;2,82;21,19;36,06;38,88
2020-12-12T09:54:50Z;22,19;27,63;3,00;21,19;36,19;39,19
2020-12-12T09:54:55Z;22,19;27,63;3,00;21,19;36,19;39,19
2020-12-12T09:55:00Z;22,19;27,31;3,06;21,19;36,25;39,31
2020-12-12T09:55:05Z;22,19;27,31;3,06;21,19;36,25;39,31
2020-12-12T09:55:10Z;22,19;27,31;2,87;21,19;36,44;39,31
2020-12-12T09:55:15Z;22,19;27,31;2,87;21,19;36,44;39,31
2020-12-12T09:55:20Z;22,19;27,31;3,25;21,19;36,56;39,81
2020-12-12T09:55:25Z;22,19;27,31;3,25;21,19;36,56;39,81
2020-12-12T09:55:30Z;22,19;27,31;3,19;21,19;36,62;39,81
2020-12-12T09:55:35Z;22,19;27,31;3,19;21,19;36,62;39,81
2020-12-12T09:55:40Z;22,19;27,31;3,19;21,19;36,81;40,00
2020-12-12T09:55:45Z;22,19;27,31;3,19;21,19;36,81;40,00
2020-12-12T09:55:50Z;22,19;27,13;3,25;21,19;36,81;40,06
2020-12-12T09:55:55Z;22,19;27,13;3,25;21,19;36,81;40,06
2020-12-12T09:56:00Z;22,19;27,13;3,06;21,19;37,00;40,06
2020-12-12T09:56:05Z;22,19;27,13;3,06;21,19;37,00;40,06
2020-12-12T09:56:10Z;22,19;27,13;2,94;21,19;37,00;39,94
2020-12-12T09:56:15Z;22,19;27,13;2,94;21,19;37,00;39,94
2020-12-12T09:56:20Z;22,19;27,13;2,76;21,19;37,12;39,88
2020-12-12T09:56:25Z;22,19;27,13;2,76;21,19;37,12;39,88
2020-12-12T09:56:30Z;22,19;27,13;2,63;21,19;37,12;39,75
2020-12-12T09:56:35Z;22,19;27,13;2,63;21,19;37,12;39,75
2020-12-12T09:56:40Z;22,19;27,13;2,43;21,19;37,19;39,62
2020-12-12T09:56:45Z;22,19;27,13;2,43;21,19;37,19;39,62
2020-12-12T09:56:50Z;22,19;27,13;2,31;21,19;37,19;39,50
2020-12-12T09:56:55Z;22,19;27,13;2,31;21,19;37,19;39,50
2020-12-12T09:57:00Z;22,19;27,13;2,12;21,19;37,19;39,31
2020-12-12T09:57:05Z;22,19;27,13;2,12;21,19;37,19;39,31
2020-12-12T09:57:10Z;22,19;27,13;2,06;21,19;37,19;39,25
2020-12-12T09:57:15Z;22,19;27,13;2,06;21,19;37,19;39,25
2020-12-12T09:57:20Z;22,19;27,13;2,25;21,19;37,19;39,44
2020-12-12T09:57:25Z;22,19;27,13;2,25;21,19;37,19;39,44
2020-12-12T09:57:30Z;22,19;27,13;2,50;21,19;37,31;39,81
2020-12-12T09:57:35Z;22,19;27,13;2,50;21,19;37,31;39,81
2020-12-12T09:57:40Z;22,19;27,13;2,56;21,19;37,44;40,00
2020-12-12T09:57:45Z;22,19;27,13;2,56;21,19;37,44;40,00
2020-12-12T09:57:50Z;22,19;27,13;2,69;21,19;37,56;40,25
2020-12-12T09:57:55Z;22,19;27,13;2,69;21,19;37,56;40,25
2020-12-12T09:58:00Z;22,19;27,13;2,63;21,19;37,62;40,25
2020-12-12T09:58:05Z;22,19;27,13;2,63;21,19;37,62;40,25
2020-12-12T09:58:10Z;22,19;27,13;2,43;21,19;37,69;40,12
2020-12-12T09:58:15Z;22,19;27,13;2,43;21,19;37,69;40,12
2020-12-12T09:58:20Z;22,19;27,19;2,37;21,19;37,69;40,06
2020-12-12T09:58:25Z;22,19;27,19;2,37;21,19;37,69;40,06
2020-12-12T09:58:30Z;22,19;27,19;2,06;21,19;37,75;39,81
2020-12-12T09:58:35Z;22,19;27,19;2,06;21,19;37,75;39,81
2020-12-12T09:58:40Z;22,19;27,19;2,00;21,19;37,69;39,69
2020-12-12T09:58:45Z;22,19;27,19;2,00;21,19;37,69;39,69
2020-12-12T09:58:50Z;22,19;27,19;1,88;21,19;37,62;39,50
2020-12-12T09:58:55Z;22,19;27,19;1,88;21,19;37,62;39,50
2020-12-12T09:59:00Z;22,19;27,19;1,63;21,19;37,62;39,25
2020-12-12T09:59:05Z;22,19;27,19;1,63;21,19;37,62;39,25
2020-12-12T09:59:10Z;22,31;27,19;1,50;21,19;37,56;39,06
2020-12-12T09:59:15Z;22,31;27,19;1,50;21,19;37,56;39,06
2020-12-12T09:59:20Z;22,31;27,19;1,18;21,19;37,44;38,62
2020-12-12T09:59:25Z;22,31;27,19;1,18;21,19;37,44;38,62
2020-12-12T09:59:30Z;22,31;27,19;1,00;21,19;37,31;38,31
2020-12-12T09:59:35Z;22,31;27,19;1,00;21,31;37,31;38,31
2020-12-12T09:59:40Z;22,31;27,19;0,56;21,31;37,06;37,62
2020-12-12T09:59:45Z;22,31;27,19;0,56;21,31;37,06;37,62
2020-12-12T09:59:50Z;22,31;27,19;0,37;21,31;36,88;37,25
2020-12-12T09:59:55Z;22,31;27,19;0,37;21,31;36,88;37,25
2020-12-12T10:00:00Z;22,31;27,19;0,25;21,31;36,50;36,75
2020-12-12T10:00:05Z;22,31;27,19;0,25;21,31;36,50;36,75
2020-12-12T10:00:10Z;22,31;27,19;0,19;21,31;36,31;36,50
2020-12-12T10:00:15Z;22,31;27,19;0,19;21,31;36,31;36,50
2020-12-12T10:00:20Z;22,31;27,19;0,19;21,31;36,00;36,19
2020-12-12T10:00:25Z;22,31;27,31;0,19;21,31;36,00;36,19
2020-12-12T10:00:30Z;22,31;27,31;0,25;21,31;35,75;36,00
2020-12-12T10:00:35Z;22,31;27,31;0,25;21,31;35,75;36,00
2020-12-12T10:00:40Z;22,31;27,31;0,31;21,31;35,69;36,00
2020-12-12T10:00:45Z;22,31;27,31;0,31;21,31;35,69;36,00
2020-12-12T10:00:50Z;22,44;27,31;0,56;21,19;35,44;36,00
2020-12-12T10:00:55Z;22,44;27,31;0,56;21,19;35,44;36,00
2020-12-12T10:01:00Z;22,44;27,31;0,68;21,19;35,38;36,06
2020-12-12T10:01:05Z;22,44;27,31;0,68;21,19;35,38;36,06
2020-12-12T10:01:10Z;22,44;27,31;0,75;21,19;35,31;36,06
2020-12-12T10:01:15Z;22,44;27,31;0,75;21,19;35,31;36,06
2020-12-12T10:01:20Z;22,44;27,31;0,94;21,19;35,25;36,19
2020-12-12T10:01:25Z;22,44;27,31;0,94;21,19;35,25;36,19
2020-12-12T10:01:30Z;22,44;27,31;1,25;21,19;35,25;36,50
2020-12-12T10:01:35Z;22,44;27,31;1,25;21,19;35,25;36,50
2020-12-12T10:01:40Z;22,44;27,31;1,63;21,19;35,25;36,88
2020-12-12T10:01:45Z;22,44;27,31;1,63;21,19;35,25;36,88
2020-12-12T10:01:50Z;22,44;27,31;2,25;21,19;35,44;37,69
2020-12-12T10:01:55Z;22,44;27,31;2,25;21,19;35,44;37,69
2020-12-12T10:02:00Z;22,44;27,31;2,94;21,19;35,62;38,56
2020-12-12T10:02:05Z;22,44;27,31;2,94;21,19;35,62;38,56
2020-12-12T10:02:10Z;22,44;27,31;3,07;21,19;35,81;38,88
2020-12-12T10:02:15Z;22,44;27,31;3,07;21,19;35,81;38,88
2020-12-12T10:02:20Z;22,44;27,31;3,50;21,19;36,06;39,56
2020-12-12T10:02:25Z;22,44;27,31;3,50;21,19;36,06;39,56
2020-12-12T10:02:30Z;22,44;27,31;3,56;21,19;36,25;39,81
2020-12-12T10:02:35Z;22,44;27,31;3,56;21,19;36,25;39,81
2020-12-12T10:02:40Z;22,44;27,31;3,75;21,19;36,50;40,25
2020-12-12T10:02:45Z;22,44;27,31;3,75;21,19;36,50;40,25
2020-12-12T10:02:50Z;22,44;27,31;3,82;21,19;36,62;40,44
2020-12-12T10:02:55Z;22,44;27,19;3,82;21,19;36,62;40,44
2020-12-12T10:03:00Z;22,44;27,19;3,81;21,19;36,94;40,75
2020-12-12T10:03:05Z;22,44;27,19;3,81;21,19;36,94;40,75
2020-12-12T10:03:10Z;22,44;27,19;3,75;21,19;37,19;40,94
2020-12-12T10:03:15Z;22,44;27,19;3,75;21,19;37,19;40,94
2020-12-12T10:03:20Z;22,31;27,19;3,81;21,19;37,25;41,06
2020-12-12T10:03:25Z;22,31;27,19;3,81;21,19;37,25;41,06
2020-12-12T10:03:30Z;22,31;27,19;3,87;21,19;37,44;41,31
2020-12-12T10:03:35Z;22,31;27,19;3,87;21,19;37,44;41,31
2020-12-12T10:03:40Z;22,31;27,19;3,88;21,19;37,56;41,44
2020-12-12T10:03:45Z;22,31;27,13;3,88;21,19;37,56;41,44
2020-12-12T10:03:50Z;22,31;27,13;3,69;21,19;37,75;41,44
2020-12-12T10:03:55Z;22,31;27,13;3,69;21,19;37,75;41,44
2020-12-12T10:04:00Z;22,31;27,13;3,50;21,19;37,81;41,31
2020-12-12T10:04:05Z;22,31;27,13;3,50;21,19;37,81;41,31
2020-12-12T10:04:10Z;22,31;27,13;2,87;21,19;37,94;40,81
2020-12-12T10:04:15Z;22,31;27,13;2,87;21,19;37,94;40,81
2020-12-12T10:04:20Z;22,31;27,13;2,62;21,19;37,94;40,56
2020-12-12T10:04:25Z;22,31;27,13;2,62;21,19;37,94;40,56
2020-12-12T10:04:30Z;22,31;27,13;2,06;21,19;37,94;40,00
2020-12-12T10:04:35Z;22,31;27,13;2,06;21,31;37,94;40,00
2020-12-12T10:04:40Z;22,31;27,13;1,87;21,31;37,88;39,75
2020-12-12T10:04:45Z;22,31;27,13;1,87;21,31;37,88;39,75
2020-12-12T10:04:50Z;22,31;27,13;1,56;21,31;37,75;39,31
2020-12-12T10:04:55Z;22,31;27,13;1,56;21,31;37,75;39,31
2020-12-12T10:05:00Z;22,31;27,13;1,43;21,31;37,69;39,12
2020-12-12T10:05:05Z;22,31;27,13;1,43;21,31;37,69;39,12
2020-12-12T10:05:10Z;22,31;27,13;1,19;21,31;37,50;38,69
2020-12-12T10:05:15Z;22,31;27,13;1,19;21,31;37,50;38,69
2020-12-12T10:05:20Z;22,31;27,13;1,06;21,31;37,50;38,56
2020-12-12T10:05:25Z;22,31;27,13;1,06;21,31;37,50;38,56
2020-12-12T10:05:30Z;22,31;27,13;1,07;21,31;37,31;38,38
2020-12-12T10:05:35Z;22,31;27,13;1,07;21,31;37,31;38,38
2020-12-12T10:05:40Z;22,31;27,13;1,44;21,31;37,25;38,69
2020-12-12T10:05:45Z;22,31;27,13;1,44;21,31;37,25;38,69
2020-12-12T10:05:50Z;22,31;27,13;1,56;21,31;37,25;38,81
2020-12-12T10:05:55Z;22,31;27,13;1,56;21,31;37,25;38,81
2020-12-12T10:06:00Z;22,31;27,13;1,88;21,31;37,31;39,19
2020-12-12T10:06:05Z;22,31;27,13;1,88;21,31;37,31;39,19
2020-12-12T10:06:10Z;22,31;27,13;2,00;21,31;37,31;39,31
2020-12-12T10:06:15Z;22,44;27,19;2,00;21,31;37,31;39,31
2020-12-12T10:06:20Z;22,44;27,19;2,07;21,31;37,31;39,38
2020-12-12T10:06:25Z;22,44;27,19;2,07;21,31;37,31;39,38
2020-12-12T10:06:30Z;22,44;27,19;2,07;21,31;37,31;39,38
2020-12-12T10:06:35Z;22,44;27,19;2,07;21,31;37,31;39,38
2020-12-12T10:06:40Z;22,44;27,19;1,94;21,31;37,31;39,25
2020-12-12T10:06:45Z;22,44;27,19;1,94;21,31;37,31;39,25
2020-12-12T10:06:50Z;22,44;27,19;1,81;21,31;37,25;39,06
2020-12-12T10:06:55Z;22,44;27,19;1,81;21,31;37,25;39,06
2020-12-12T10:07:00Z;22,44;27,19;1,75;21,31;37,19;38,94
2020-12-12T10:07:05Z;22,44;27,31;1,75;21,31;37,19;38,94
2020-12-12T10:07:10Z;22,44;27,31;1,57;21,31;37,12;38,69
2020-12-12T10:07:15Z;22,44;27,31;1,57;21,31;37,12;38,69
2020-12-12T10:07:20Z;22,44;27,31;1,38;21,31;37,06;38,44
2020-12-12T10:07:25Z;22,44;27,31;1,38;21,31;37,06;38,44
2020-12-12T10:07:30Z;22,44;27,31;1,00;21,31;36,88;37,88
2020-12-12T10:07:35Z;22,44;27,31;1,00;21,31;36,88;37,88
2020-12-12T10:07:40Z;22,44;27,31;0,81;21,31;36,81;37,62
2020-12-12T10:07:45Z;22,44;27,31;0,81;21,31;36,81;37,62
2020-12-12T10:07:50Z;22,44;27,31;0,69;21,31;36,56;37,25
2020-12-12T10:07:55Z;22,44;27,31;0,69;21,31;36,56;37,25
2020-12-12T10:08:00Z;22,44;27,31;0,68;21,31;36,44;37,12
2020-12-12T10:08:05Z;22,44;27,31;0,68;21,31;36,44;37,12
2020-12-12T10:08:10Z;22,44;27,31;0,69;21,31;36,25;36,94
2020-12-12T10:08:15Z;22,44;27,31;0,69;21,31;36,25;36,94
2020-12-12T10:08:20Z;22,44;27,31;1,00;21,31;36,06;37,06
2020-12-12T10:08:25Z;22,44;27,31;1,00;21,31;36,06;37,06
2020-12-12T10:08:30Z;22,44;27,31;1,13;21,31;36,06;37,19
2020-12-12T10:08:35Z;22,44;27,31;1,13;21,31;36,06;37,19
2020-12-12T10:08:40Z;22,44;27,31;1,56;21,31;36,06;37,62
2020-12-12T10:08:45Z;22,50;27,31;1,56;21,31;36,06;37,62
2020-12-12T10:08:50Z;22,50;27,31;1,82;21,31;36,06;37,88
2020-12-12T10:08:55Z;22,50;27,31;1,82;21,31;36,06;37,88
2020-12-12T10:09:00Z;22,50;27,31;2,12;21,31;36,19;38,31
2020-12-12T10:09:05Z;22,50;27,31;2,12;21,31;36,19;38,31
2020-12-12T10:09:10Z;22,50;27,31;2,25;21,31;36,25;38,50
2020-12-12T10:09:15Z;22,50;27,31;2,25;21,31;36,25;38,50
2020-12-12T10:09:20Z;22,50;27,31;2,50;21,31;36,38;38,88
2020-12-12T10:09:25Z;22,50;27,31;2,50;21,31;36,38;38,88
2020-12-12T10:09:30Z;22,50;27,31;2,69;21,31;36,50;39,19
2020-12-12T10:09:35Z;22,44;27,31;2,69;21,31;36,50;39,19
2020-12-12T10:09:40Z;22,44;27,31;2,69;21,31;36,62;39,31
2020-12-12T10:09:45Z;22,44;27,31;2,69;21,31;36,62;39,31
2020-12-12T10:09:50Z;22,44;27,31;2,93;21,31;36,69;39,62
2020-12-12T10:09:55Z;22,44;27,31;2,93;21,31;36,69;39,62
2020-12-12T10:10:00Z;22,44;27,31;2,94;21,31;36,81;39,75
2020-12-12T10:10:05Z;22,44;27,31;2,94;21,31;36,81;39,75
2020-12-12T10:10:10Z;22,44;27,31;3,06;21,31;37,00;40,06
2020-12-12T10:10:15Z;22,44;27,31;3,06;21,31;37,00;40,06
2020-12-12T10:10:20Z;22,44;27,31;3,06;21,31;37,06;40,12
2020-12-12T10:10:25Z;22,44;27,31;3,06;21,31;37,06;40,12
2020-12-12T10:10:30Z;22,44;27,31;3,13;21,31;37,25;40,38
2020-12-12T10:10:35Z;22,44;27,31;3,13;21,31;37,25;40,38
2020-12-12T10:10:40Z;22,44;27,31;3,31;21,31;37,38;40,69
2020-12-12T10:10:45Z;22,44;27,31;3,31;21,31;37,38;40,69
2020-12-12T10:10:50Z;22,44;27,31;3,31;21,31;37,50;40,81
2020-12-12T10:10:55Z;22,44;27,31;3,31;21,31;37,50;40,81
2020-12-12T10:11:00Z;22,44;27,31;3,26;21,31;37,62;40,88
2020-12-12T10:11:05Z;22,44;27,31;3,26;21,31;37,62;40,88
2020-12-12T10:11:10Z;22,44;27,31;3,13;21,31;37,75;40,88
2020-12-12T10:11:15Z;22,50;27,31;3,13;21,31;37,75;40,88
2020-12-12T10:11:20Z;22,50;27,31;2,75;21,31;37,81;40,56
2020-12-12T10:11:25Z;22,50;27,31;2,75;21,31;37,81;40,56
2020-12-12T10:11:30Z;22,50;27,31;2,56;21,31;37,88;40,44
2020-12-12T10:11:35Z;22,50;27,31;2,56;21,31;37,88;40,44
2020-12-12T10:11:40Z;22,50;27,19;2,31;21,31;37,81;40,12
2020-12-12T10:11:45Z;22,50;27,19;2,31;21,31;37,81;40,12
2020-12-12T10:11:50Z;22,50;27,19;2,19;21,31;37,81;40,00
2020-12-12T10:11:55Z;22,50;27,19;2,19;21,31;37,81;40,00
2020-12-12T10:12:00Z;22,50;27,19;1,94;21,31;37,81;39,75
2020-12-12T10:12:05Z;22,63;27,19;1,94;21,31;37,81;39,75
2020-12-12T10:12:10Z;22,63;27,19;1,81;21,31;37,81;39,62
2020-12-12T10:12:15Z;22,63;27,19;1,81;21,31;37,81;39,62
2020-12-12T10:12:20Z;22,63;27,19;1,75;21,31;37,69;39,44
2020-12-12T10:12:25Z;22,63;27,19;1,75;21,31;37,69;39,44
2020-12-12T10:12:30Z;22,63;27,31;1,69;21,31;37,69;39,38
2020-12-12T10:12:35Z;22,63;27,31;1,69;21,31;37,69;39,38
2020-12-12T10:12:40Z;22,63;27,31;1,57;21,31;37,62;39,19
2020-12-12T10:12:45Z;22,63;27,31;1,57;21,31;37,62;39,19
2020-12-12T10:12:50Z;22,63;27,31;1,56;21,31;37,56;39,12
2020-12-12T10:12:55Z;22,63;27,31;1,56;21,31;37,56;39,12
2020-12-12T10:13:00Z;22,63;27,31;1,50;21,31;37,50;39,00
2020-12-12T10:13:05Z;22,63;27,31;1,50;21,31;37,50;39,00
2020-12-12T10:13:10Z;22,63;27,31;1,50;21,31;37,44;38,94
2020-12-12T10:13:15Z;22,63;27,31;1,50;21,31;37,44;38,94
2020-12-12T10:13:20Z;22,63;27,44;1,50;21,31;37,38;38,88
2020-12-12T10:13:25Z;22,63;27,44;1,50;21,31;37,38;38,88
2020-12-12T10:13:30Z;22,63;27,44;1,68;21,31;37,38;39,06
2020-12-12T10:13:35Z;22,63;27,44;1,68;21,31;37,38;39,06
2020-12-12T10:13:40Z;22,63;27,44;1,81;21,31;37,38;39,19
2020-12-12T10:13:45Z;22,63;27,44;1,81;21,31;37,38;39,19
2020-12-12T10:13:50Z;22,63;27,44;1,94;21,31;37,44;39,38
2020-12-12T10:13:55Z;22,63;27,44;1,94;21,31;37,44;39,38
2020-12-12T10:14:00Z;22,63;27,44;2,00;21,31;37,44;39,44
2020-12-12T10:14:05Z;22,63;27,44;2,00;21,31;37,44;39,44
2020-12-12T10:14:10Z;22,63;27,44;1,94;21,31;37,50;39,44
2020-12-12T10:14:15Z;22,63;27,44;1,94;21,31;37,50;39,44
2020-12-12T10:14:20Z;22,63;27,44;1,88;21,31;37,50;39,38
2020-12-12T10:14:25Z;22,63;27,44;1,88;21,31;37,50;39,38
2020-12-12T10:14:30Z;22,63;27,44;1,81;21,31;37,44;39,25
2020-12-12T10:14:35Z;22,63;27,44;1,81;21,44;37,44;39,25
2020-12-12T10:14:40Z;22,63;27,44;1,68;21,44;37,44;39,12
2020-12-12T10:14:45Z;22,63;27,44;1,68;21,44;37,44;39,12
2020-12-12T10:14:50Z;22,63;27,44;1,68;21,44;37,38;39,06
2020-12-12T10:14:55Z;22,63;27,44;1,68;21,44;37,38;39,06
2020-12-12T10:15:00Z;22,69;27,44;1,63;21,44;37,31;38,94
2020-12-12T10:15:05Z;22,69;27,44;1,63;21,44;37,31;38,94
2020-12-12T10:15:10Z;22,69;27,44;1,50;21,44;37,25;38,75
2020-12-12T10:15:15Z;22,69;27,44;1,50;21,44;37,25;38,75
2020-12-12T10:15:20Z;22,69;27,44;1,26;21,44;37,12;38,38
2020-12-12T10:15:25Z;22,69;27,50;1,26;21,44;37,12;38,38
2020-12-12T10:15:30Z;22,69;27,50;1,12;21,44;37,00;38,12
2020-12-12T10:15:35Z;22,69;27,50;1,12;21,44;37,00;38,12
2020-12-12T10:15:40Z;22,69;27,50;0,69;21,44;36,81;37,50
2020-12-12T10:15:45Z;22,69;27,50;0,69;21,44;36,81;37,50
2020-12-12T10:15:50Z;22,69;27,50;0,56;21,44;36,69;37,25
2020-12-12T10:15:55Z;22,69;27,50;0,56;21,44;36,69;37,25
2020-12-12T10:16:00Z;22,69;27,50;0,43;21,44;36,38;36,81
2020-12-12T10:16:05Z;22,69;27,50;0,43;21,44;36,38;36,81
2020-12-12T10:16:10Z;22,69;27,50;0,38;21,44;36,12;36,50
2020-12-12T10:16:15Z;22,69;27,50;0,38;21,44;36,12;36,50
2020-12-12T10:16:20Z;22,69;27,50;0,38;21,44;36,00;36,38
2020-12-12T10:16:25Z;22,69;27,50;0,38;21,44;36,00;36,38
2020-12-12T10:16:30Z;22,69;27,50;0,44;21,44;35,75;36,19
2020-12-12T10:16:35Z;22,69;27,50;0,44;21,44;35,75;36,19
2020-12-12T10:16:40Z;22,69;27,50;0,50;21,44;35,69;36,19
2020-12-12T10:16:45Z;22,69;27,50;0,50;21,44;35,69;36,19
2020-12-12T10:16:50Z;22,69;27,50;0,94;21,44;35,50;36,44
2020-12-12T10:16:55Z;22,69;27,50;0,94;21,44;35,50;36,44
2020-12-12T10:17:00Z;22,69;27,50;1,00;21,44;35,50;36,50
2020-12-12T10:17:05Z;22,69;27,50;1,00;21,44;35,50;36,50
2020-12-12T10:17:10Z;22,69;27,50;1,31;21,44;35,50;36,81
2020-12-12T10:17:15Z;22,69;27,50;1,31;21,44;35,50;36,81
2020-12-12T10:17:20Z;22,69;27,50;1,69;21,44;35,50;37,19
2020-12-12T10:17:25Z;22,69;27,50;1,69;21,44;35,50;37,19
2020-12-12T10:17:30Z;22,63;27,50;1,82;21,44;35,56;37,38
2020-12-12T10:17:35Z;22,63;27,50;1,82;21,44;35,56;37,38
2020-12-12T10:17:40Z;22,63;27,50;2,07;21,44;35,62;37,69
2020-12-12T10:17:45Z;22,63;27,50;2,07;21,44;35,62;37,69
2020-12-12T10:17:50Z;22,63;27,50;2,12;21,44;35,69;37,81
2020-12-12T10:17:55Z;22,63;27,44;2,12;21,44;35,69;37,81
2020-12-12T10:18:00Z;22,63;27,44;2,31;21,44;35,81;38,12
2020-12-12T10:18:05Z;22,63;27,44;2,31;21,44;35,81;38,12
2020-12-12T10:18:10Z;22,63;27,44;2,37;21,44;35,88;38,25
2020-12-12T10:18:15Z;22,63;27,44;2,37;21,44;35,88;38,25
2020-12-12T10:18:20Z;22,63;27,44;2,56;21,44;36,00;38,56
2020-12-12T10:18:25Z;22,63;27,44;2,56;21,44;36,00;38,56
2020-12-12T10:18:30Z;22,63;27,44;2,63;21,44;36,06;38,69
2020-12-12T10:18:35Z;22,63;27,44;2,63;21,44;36,06;38,69
2020-12-12T10:18:40Z;22,63;27,44;3,00;21,44;36,25;39,25
2020-12-12T10:18:45Z;22,63;27,19;3,00;21,44;36,25;39,25
2020-12-12T10:18:50Z;22,63;27,19;3,50;21,44;36,56;40,06
2020-12-12T10:18:55Z;22,63;27,19;3,50;21,44;36,56;40,06
2020-12-12T10:19:00Z;22,63;27,19;3,94;21,44;36,56;40,50
2020-12-12T10:19:05Z;22,63;27,19;3,94;21,44;36,56;40,50
2020-12-12T10:19:10Z;22,63;27,19;4,25;21,44;37,00;41,25
2020-12-12T10:19:15Z;22,63;27,19;4,25;21,44;37,00;41,25
2020-12-12T10:19:20Z;22,63;27,19;4,44;21,44;37,12;41,56
2020-12-12T10:19:25Z;22,63;27,19;4,44;21,44;37,12;41,56
2020-12-12T10:19:30Z;22,63;27,19;4,56;21,44;37,44;42,00
2020-12-12T10:19:35Z;22,63;27,19;4,56;21,50;37,44;42,00
2020-12-12T10:19:40Z;22,63;27,19;4,56;21,50;37,56;42,12
2020-12-12T10:19:45Z;22,63;27,19;4,56;21,50;37,56;42,12
2020-12-12T10:19:50Z;22,63;27,19;4,19;21,50;37,81;42,00
2020-12-12T10:19:55Z;22,63;27,19;4,19;21,50;37,81;42,00
2020-12-12T10:20:00Z;22,63;27,19;3,56;21,50;38,00;41,56
2020-12-12T10:20:05Z;22,63;27,19;3,56;21,50;38,00;41,56
2020-12-12T10:20:10Z;22,63;27,19;3,25;21,50;38,06;41,31
2020-12-12T10:20:15Z;22,63;27,19;3,25;21,50;38,06;41,31
2020-12-12T10:20:20Z;22,63;27,19;2,63;21,50;38,12;40,75
2020-12-12T10:20:25Z;22,63;27,13;2,63;21,50;38,12;40,75
2020-12-12T10:20:30Z;22,63;27,13;2,32;21,50;38,12;40,44
2020-12-12T10:20:35Z;22,63;27,13;2,32;21,50;38,12;40,44
2020-12-12T10:20:40Z;22,63;27,13;1,88;21,50;38,06;39,94
2020-12-12T10:20:45Z;22,63;27,13;1,88;21,50;38,06;39,94
2020-12-12T10:20:50Z;22,63;27,13;1,75;21,50;38,00;39,75
2020-12-12T10:20:55Z;22,63;27,13;1,75;21,50;38,00;39,75
2020-12-12T10:21:00Z;22,63;27,13;1,37;21,50;37,94;39,31
2020-12-12T10:21:05Z;22,63;27,13;1,37;21,50;37,94;39,31
2020-12-12T10:21:10Z;22,63;27,13;1,19;21,50;37,81;39,00
2020-12-12T10:21:15Z;22,63;27,19;1,19;21,50;37,81;39,00
2020-12-12T10:21:20Z;22,63;27,19;1,25;21,50;37,75;39,00
2020-12-12T10:21:25Z;22,63;27,19;1,25;21,50;37,75;39,00
2020-12-12T10:21:30Z;22,63;27,19;1,43;21,50;37,69;39,12
2020-12-12T10:21:35Z;22,63;27,19;1,43;21,50;37,69;39,12
2020-12-12T10:21:40Z;22,63;27,19;1,62;21,50;37,69;39,31
2020-12-12T10:21:45Z;22,63;27,19;1,62;21,50;37,69;39,31
2020-12-12T10:21:50Z;22,63;27,19;1,69;21,50;37,75;39,44
2020-12-12T10:21:55Z;22,63;27,19;1,69;21,50;37,75;39,44
2020-12-12T10:22:00Z;22,63;27,19;1,87;21,50;37,75;39,62
2020-12-12T10:22:05Z;22,63;27,44;1,87;21,50;37,75;39,62
2020-12-12T10:22:10Z;22,63;27,44;1,94;21,50;37,81;39,75
2020-12-12T10:22:15Z;22,63;27,44;1,94;21,50;37,81;39,75
2020-12-12T10:22:20Z;22,63;27,44;1,94;21,50;37,81;39,75
2020-12-12T10:22:25Z;22,63;27,44;1,94;21,50;37,81;39,75
2020-12-12T10:22:30Z;22,63;27,44;1,88;21,50;37,81;39,69
2020-12-12T10:22:35Z;22,63;27,44;1,88;21,50;37,81;39,69
2020-12-12T10:22:40Z;22,63;27,44;1,81;21,50;37,81;39,62
2020-12-12T10:22:45Z;22,63;27,44;1,81;21,50;37,81;39,62
2020-12-12T10:22:50Z;22,63;27,44;1,69;21,50;37,75;39,44
2020-12-12T10:22:55Z;22,69;27,44;1,69;21,50;37,75;39,44
2020-12-12T10:23:00Z;22,69;27,44;1,44;21,50;37,62;39,06
2020-12-12T10:23:05Z;22,69;27,44;1,44;21,50;37,62;39,06
2020-12-12T10:23:10Z;22,69;27,44;1,19;21,50;37,56;38,75
2020-12-12T10:23:15Z;22,69;27,44;1,19;21,50;37,56;38,75
2020-12-12T10:23:20Z;22,69;27,44;0,81;21,50;37,31;38,12
2020-12-12T10:23:25Z;22,69;27,44;0,81;21,50;37,31;38,12
2020-12-12T10:23:30Z;22,69;27,44;0,62;21,50;37,19;37,81
2020-12-12T10:23:35Z;22,69;27,44;0,62;21,50;37,19;37,81
2020-12-12T10:23:40Z;22,69;27,44;0,56;21,50;36,88;37,44
2020-12-12T10:23:45Z;22,69;27,44;0,56;21,50;36,88;37,44
2020-12-12T10:23:50Z;22,69;27,44;0,56;21,50;36,75;37,31
2020-12-12T10:23:55Z;22,69;27,44;0,56;21,50;36,75;37,31
2020-12-12T10:24:00Z;22,69;27,44;0,32;21,50;36,62;36,94
2020-12-12T10:24:05Z;22,69;27,44;0,32;21,50;36,62;36,94
2020-12-12T10:24:10Z;22,69;27,50;0,37;21,50;36,38;36,75
2020-12-12T10:24:15Z;22,69;27,50;0,37;21,50;36,38;36,75
2020-12-12T10:24:20Z;22,69;27,50;0,25;21,50;36,06;36,31
2020-12-12T10:24:25Z;22,69;27,50;0,25;21,50;36,06;36,31
2020-12-12T10:24:30Z;22,69;27,50;0,18;21,50;35,94;36,12
2020-12-12T10:24:35Z;22,69;27,50;0,18;21,50;35,94;36,12
2020-12-12T10:24:40Z;22,69;27,50;0,32;21,50;35,62;35,94
2020-12-12T10:24:45Z;22,69;27,50;0,32;21,50;35,62;35,94
2020-12-12T10:24:50Z;22,69;27,50;0,38;21,50;35,50;35,88
2020-12-12T10:24:55Z;22,69;27,50;0,38;21,50;35,50;35,88
2020-12-12T10:25:00Z;22,69;27,50;0,37;21,50;35,38;35,75
2020-12-12T10:25:05Z;22,69;27,50;0,37;21,50;35,38;35,75
2020-12-12T10:25:10Z;22,69;27,50;0,75;21,50;35,19;35,94
2020-12-12T10:25:15Z;22,69;27,50;0,75;21,50;35,19;35,94
2020-12-12T10:25:20Z;22,69;27,50;0,87;21,50;35,19;36,06
2020-12-12T10:25:25Z;22,63;27,50;0,87;21,50;35,19;36,06
2020-12-12T10:25:30Z;22,63;27,50;1,43;21,50;35,19;36,62
2020-12-12T10:25:35Z;22,63;27,50;1,43;21,50;35,19;36,62
2020-12-12T10:25:40Z;22,63;27,50;1,63;21,50;35,25;36,88
2020-12-12T10:25:45Z;22,63;27,50;1,63;21,50;35,25;36,88
2020-12-12T10:25:50Z;22,63;27,50;2,06;21,50;35,38;37,44
2020-12-12T10:25:55Z;22,63;27,50;2,06;21,50;35,38;37,44
2020-12-12T10:26:00Z;22,63;27,50;2,19;21,50;35,50;37,69
2020-12-12T10:26:05Z;22,63;27,50;2,19;21,50;35,50;37,69
2020-12-12T10:26:10Z;22,63;27,50;2,44;21,50;35,62;38,06
2020-12-12T10:26:15Z;22,63;27,50;2,44;21,50;35,62;38,06
2020-12-12T10:26:20Z;22,63;27,50;2,63;21,50;35,81;38,44
2020-12-12T10:26:25Z;22,63;27,50;2,63;21,50;35,81;38,44
2020-12-12T10:26:30Z;22,63;27,50;2,68;21,50;35,88;38,56
2020-12-12T10:26:35Z;22,63;27,50;2,68;21,50;35,88;38,56
2020-12-12T10:26:40Z;22,63;27,44;2,88;21,50;36,00;38,88
2020-12-12T10:26:45Z;22,63;27,44;2,88;21,50;36,00;38,88
2020-12-12T10:26:50Z;22,63;27,44;2,94;21,50;36,06;39,00
2020-12-12T10:26:55Z;22,63;27,44;2,94;21,50;36,06;39,00
2020-12-12T10:27:00Z;22,63;27,44;3,00;21,50;36,25;39,25
2020-12-12T10:27:05Z;22,63;27,44;3,00;21,50;36,25;39,25
2020-12-12T10:27:10Z;22,63;27,44;3,00;21,50;36,31;39,31
2020-12-12T10:27:15Z;22,63;27,44;3,00;21,50;36,31;39,31
2020-12-12T10:27:20Z;22,63;27,44;2,94;21,50;36,44;39,38
2020-12-12T10:27:25Z;22,63;27,44;2,94;21,50;36,44;39,38
2020-12-12T10:27:30Z;22,63;27,19;2,94;21,50;36,50;39,44
2020-12-12T10:27:35Z;22,63;27,19;2,94;21,50;36,50;39,44
2020-12-12T10:27:40Z;22,63;27,19;2,76;21,50;36,62;39,38
2020-12-12T10:27:45Z;22,63;27,19;2,76;21,50;36,62;39,38
2020-12-12T10:27:50Z;22,63;27,19;2,62;21,50;36,69;39,31
2020-12-12T10:27:55Z;22,63;27,19;2,62;21,50;36,69;39,31
2020-12-12T10:28:00Z;22,63;27,19;2,50;21,50;36,75;39,25
2020-12-12T10:28:05Z;22,63;27,19;2,50;21,50;36,75;39,25
2020-12-12T10:28:10Z;22,63;27,19;2,37;21,50;36,75;39,12
2020-12-12T10:28:15Z;22,63;27,19;2,37;21,50;36,75;39,12
2020-12-12T10:28:20Z;22,63;27,19;2,31;21,50;36,75;39,06
2020-12-12T10:28:25Z;22,63;27,19;2,31;21,50;36,75;39,06
2020-12-12T10:28:30Z;22,63;27,19;2,18;21,50;36,88;39,06
2020-12-12T10:28:35Z;22,63;27,19;2,18;21,50;36,88;39,06
2020-12-12T10:28:40Z;22,63;27,19;2,31;21,50;36,88;39,19
2020-12-12T10:28:45Z;22,63;27,19;2,31;21,50;36,88;39,19
2020-12-12T10:28:50Z;22,63;27,19;2,50;21,50;37,00;39,50
2020-12-12T10:28:55Z;22,63;27,19;2,50;21,50;37,00;39,50
2020-12-12T10:29:00Z;22,63;27,19;2,62;21,50;37,00;39,62
2020-12-12T10:29:05Z;22,63;27,19;2,62;21,50;37,00;39,62
2020-12-12T10:29:10Z;22,63;27,13;2,56;21,50;37,25;39,81
2020-12-12T10:29:15Z;22,63;27,13;2,56;21,50;37,25;39,81
2020-12-12T10:29:20Z;22,63;27,13;2,43;21,50;37,38;39,81
2020-12-12T10:29:25Z;22,63;27,13;2,43;21,50;37,38;39,81
2020-12-12T10:29:30Z;22,63;27,13;2,31;21,50;37,38;39,69
2020-12-12T10:29:35Z;22,63;27,13;2,31;21,50;37,38;39,69
2020-12-12T10:29:40Z;22,63;27,13;2,12;21,50;37,38;39,50
2020-12-12T10:29:45Z;22,63;27,13;2,12;21,50;37,38;39,50
2020-12-12T10:29:50Z;22,63;27,13;2,13;21,50;37,31;39,44
2020-12-12T10:29:55Z;22,63;27,13;2,13;21,50;37,31;39,44
2020-12-12T10:30:00Z;22,69;27,19;2,00;21,50;37,31;39,31
2020-12-12T10:30:05Z;22,69;27,19;2,00;21,50;37,31;39,31
2020-12-12T10:30:10Z;22,69;27,19;1,94;21,50;37,25;39,19
2020-12-12T10:30:15Z;22,69;27,19;1,94;21,50;37,25;39,19
2020-12-12T10:30:20Z;22,69;27,19;1,63;21,50;37,25;38,88
2020-12-12T10:30:25Z;22,69;27,19;1,63;21,50;37,25;38,88
2020-12-12T10:30:30Z;22,69;27,19;1,50;21,50;37,19;38,69
2020-12-12T10:30:35Z;22,69;27,19;1,50;21,50;37,19;38,69
2020-12-12T10:30:40Z;22,69;27,19;1,06;21,50;37,06;38,12
2020-12-12T10:30:45Z;22,69;27,19;1,06;21,50;37,06;38,12
2020-12-12T10:30:50Z;22,69;27,19;0,75;21,50;36,81;37,56
2020-12-12T10:30:55Z;22,69;27,19;0,75;21,50;36,81;37,56
2020-12-12T10:31:00Z;22,69;27,19;0,50;21,50;36,69;37,19
2020-12-12T10:31:05Z;22,69;27,19;0,50;21,50;36,69;37,19
2020-12-12T10:31:10Z;22,69;27,19;0,37;21,50;36,38;36,75
2020-12-12T10:31:15Z;22,69;27,31;0,37;21,50;36,38;36,75
2020-12-12T10:31:20Z;22,69;27,31;0,37;21,50;36,25;36,62
2020-12-12T10:31:25Z;22,69;27,31;0,37;21,50;36,25;36,62
2020-12-12T10:31:30Z;22,69;27,31;0,38;21,50;36,00;36,38
2020-12-12T10:31:35Z;22,69;27,31;0,38;21,50;36,00;36,38
2020-12-12T10:31:40Z;22,69;27,31;0,43;21,50;35,88;36,31
2020-12-12T10:31:45Z;22,69;27,31;0,43;21,50;35,88;36,31
2020-12-12T10:31:50Z;22,69;27,31;0,69;21,50;35,75;36,44
2020-12-12T10:31:55Z;22,69;27,31;0,69;21,50;35,75;36,44
2020-12-12T10:32:00Z;22,69;27,31;1,19;21,50;35,69;36,88
2020-12-12T10:32:05Z;22,69;27,31;1,19;21,50;35,69;36,88
2020-12-12T10:32:10Z;22,69;27,31;1,43;21,50;35,69;37,12
2020-12-12T10:32:15Z;22,69;27,31;1,43;21,50;35,69;37,12
2020-12-12T10:32:20Z;22,69;27,31;1,69;21,50;35,75;37,44
2020-12-12T10:32:25Z;22,69;27,31;1,69;21,50;35,75;37,44
2020-12-12T10:32:30Z;22,69;27,31;2,06;21,63;35,88;37,94
2020-12-12T10:32:35Z;22,69;27,31;2,06;21,63;35,88;37,94
2020-12-12T10:32:40Z;22,69;27,31;2,31;21,63;36,00;38,31
2020-12-12T10:32:45Z;22,69;27,31;2,31;21,63;36,00;38,31
2020-12-12T10:32:50Z;22,69;27,31;2,44;21,63;36,06;38,50
2020-12-12T10:32:55Z;22,69;27,44;2,44;21,63;36,06;38,50
2020-12-12T10:33:00Z;22,69;27,44;2,69;21,63;36,25;38,94
2020-12-12T10:33:05Z;22,69;27,44;2,69;21,63;36,25;38,94
2020-12-12T10:33:10Z;22,69;27,44;2,75;21,63;36,31;39,06
2020-12-12T10:33:15Z;22,69;27,44;2,75;21,63;36,31;39,06
2020-12-12T10:33:20Z;22,69;27,44;2,94;21,63;36,56;39,50
2020-12-12T10:33:25Z;22,69;27,44;2,94;21,63;36,56;39,50
2020-12-12T10:33:30Z;22,69;27,44;3,07;21,63;36,62;39,69
2020-12-12T10:33:35Z;22,69;27,44;3,07;21,63;36,62;39,69
2020-12-12T10:33:40Z;22,69;27,44;3,24;21,63;36,88;40,12
2020-12-12T10:33:45Z;22,69;27,31;3,24;21,63;36,88;40,12
2020-12-12T10:33:50Z;22,69;27,31;3,26;21,63;37,12;40,38
2020-12-12T10:33:55Z;22,69;27,31;3,26;21,63;37,12;40,38
2020-12-12T10:34:00Z;22,69;27,31;3,37;21,63;37,19;40,56
2020-12-12T10:34:05Z;22,69;27,31;3,37;21,63;37,19;40,56
2020-12-12T10:34:10Z;22,81;27,31;3,37;21,63;37,44;40,81
2020-12-12T10:34:15Z;22,81;27,31;3,37;21,63;37,44;40,81
2020-12-12T10:34:20Z;22,81;27,31;3,44;21,63;37,50;40,94
2020-12-12T10:34:25Z;22,81;27,31;3,44;21,63;37,50;40,94
2020-12-12T10:34:30Z;22,81;27,31;3,50;21,63;37,69;41,19
2020-12-12T10:34:35Z;22,81;27,31;3,50;21,63;37,69;41,19
2020-12-12T10:34:40Z;22,81;27,31;3,38;21,63;37,81;41,19
2020-12-12T10:34:45Z;22,81;27,31;3,38;21,63;37,81;41,19
2020-12-12T10:34:50Z;22,81;27,31;3,18;21,63;37,94;41,12
2020-12-12T10:34:55Z;22,81;27,31;3,18;21,63;37,94;41,12
2020-12-12T10:35:00Z;22,94;27,31;2,69;21,63;38,00;40,69
2020-12-12T10:35:05Z;22,94;27,31;2,69;21,63;38,00;40,69
2020-12-12T10:35:10Z;22,94;27,31;2,44;21,63;38,00;40,44
2020-12-12T10:35:15Z;22,94;27,31;2,44;21,63;38,00;40,44
2020-12-12T10:35:20Z;22,94;27,31;2,00;21,63;37,94;39,94
2020-12-12T10:35:25Z;22,94;27,44;2,00;21,63;37,94;39,94
2020-12-12T10:35:30Z;22,94;27,44;1,75;21,63;37,94;39,69
2020-12-12T10:35:35Z;22,94;27,44;1,75;21,63;37,94;39,69
2020-12-12T10:35:40Z;22,94;27,44;1,43;21,63;37,88;39,31
2020-12-12T10:35:45Z;22,94;27,44;1,43;21,63;37,88;39,31
2020-12-12T10:35:50Z;22,94;27,44;1,38;21,63;37,81;39,19
2020-12-12T10:35:55Z;22,94;27,44;1,38;21,63;37,81;39,19
2020-12-12T10:36:00Z;22,94;27,44;1,25;21,63;37,69;38,94
2020-12-12T10:36:05Z;22,94;27,44;1,25;21,63;37,69;38,94
2020-12-12T10:36:10Z;22,94;27,44;1,13;21,63;37,56;38,69
2020-12-12T10:36:15Z;22,94;27,63;1,13;21,63;37,56;38,69
2020-12-12T10:36:20Z;22,94;27,63;1,06;21,63;37,50;38,56
2020-12-12T10:36:25Z;22,94;27,63;1,06;21,63;37,50;38,56
2020-12-12T10:36:30Z;22,94;27,63;1,12;21,63;37,38;38,50
2020-12-12T10:36:35Z;22,94;27,63;1,12;21,63;37,38;38,50
2020-12-12T10:36:40Z;22,94;27,63;1,24;21,63;37,38;38,62
2020-12-12T10:36:45Z;22,94;27,63;1,24;21,63;37,38;38,62
2020-12-12T10:36:50Z;22,94;27,63;1,62;21,63;37,44;39,06
2020-12-12T10:36:55Z;22,94;27,63;1,62;21,63;37,44;39,06
2020-12-12T10:37:00Z;22,94;27,63;1,87;21,63;37,44;39,31
2020-12-12T10:37:05Z;22,94;27,63;1,87;21,63;37,44;39,31
2020-12-12T10:37:10Z;22,94;27,63;2,06;21,63;37,50;39,56
2020-12-12T10:37:15Z;22,94;27,63;2,06;21,63;37,50;39,56
2020-12-12T10:37:20Z;22,94;27,63;2,12;21,63;37,50;39,62
2020-12-12T10:37:25Z;22,94;27,63;2,12;21,63;37,50;39,62
2020-12-12T10:37:30Z;22,94;27,63;2,00;21,63;37,62;39,62
2020-12-12T10:37:35Z;22,94;27,63;2,00;21,63;37,62;39,62
2020-12-12T10:37:40Z;22,94;27,63;2,13;21,63;37,56;39,69
2020-12-12T10:37:45Z;22,94;27,63;2,13;21,63;37,56;39,69
2020-12-12T10:37:50Z;22,94;27,63;2,00;21,63;37,62;39,62
2020-12-12T10:37:55Z;23,00;27,63;2,00;21,63;37,62;39,62
2020-12-12T10:38:00Z;23,00;27,63;1,82;21,63;37,62;39,44
2020-12-12T10:38:05Z;23,00;27,63;1,82;21,63;37,62;39,44
2020-12-12T10:38:10Z;23,00;27,63;1,82;21,63;37,62;39,44
2020-12-12T10:38:15Z;23,00;27,63;1,82;21,63;37,62;39,44
2020-12-12T10:38:20Z;23,00;27,63;1,63;21,63;37,56;39,19
2020-12-12T10:38:25Z;23,00;27,63;1,63;21,63;37,56;39,19
2020-12-12T10:38:30Z;23,00;27,63;1,50;21,63;37,50;39,00
2020-12-12T10:38:35Z;23,00;27,63;1,50;21,63;37,50;39,00
2020-12-12T10:38:40Z;23,00;27,63;1,12;21,63;37,38;38,50
2020-12-12T10:38:45Z;23,00;27,63;1,12;21,63;37,38;38,50
2020-12-12T10:38:50Z;23,00;27,63;0,94;21,63;37,25;38,19
2020-12-12T10:38:55Z;23,00;27,63;0,94;21,63;37,25;38,19
2020-12-12T10:39:00Z;23,00;27,63;1,00;21,63;37,00;38,00
2020-12-12T10:39:05Z;23,00;27,63;1,00;21,63;37,00;38,00
2020-12-12T10:39:10Z;23,00;27,69;0,63;21,63;36,75;37,38
2020-12-12T10:39:15Z;23,00;27,69;0,63;21,63;36,75;37,38
2020-12-12T10:39:20Z;23,00;27,69;0,56;21,63;36,69;37,25
2020-12-12T10:39:25Z;23,00;27,69;0,56;21,63;36,69;37,25
2020-12-12T10:39:30Z;23,00;27,69;0,62;21,63;36,44;37,06
2020-12-12T10:39:35Z;23,00;27,69;0,62;21,63;36,44;37,06
2020-12-12T10:39:40Z;23,00;27,69;0,68;21,63;36,38;37,06
2020-12-12T10:39:45Z;23,00;27,69;0,68;21,63;36,38;37,06
2020-12-12T10:39:50Z;23,00;27,69;0,75;21,63;36,25;37,00
2020-12-12T10:39:55Z;23,00;27,69;0,75;21,63;36,25;37,00
2020-12-12T10:40:00Z;23,00;27,69;0,81;21,63;36,19;37,00
2020-12-12T10:40:05Z;23,00;27,69;0,81;21,63;36,19;37,00
2020-12-12T10:40:10Z;23,00;27,69;1,26;21,63;36,12;37,38
2020-12-12T10:40:15Z;23,00;27,69;1,26;21,63;36,12;37,38
2020-12-12T10:40:20Z;23,00;27,69;1,63;21,63;36,12;37,75
2020-12-12T10:40:25Z;23,13;27,69;1,63;21,63;36,12;37,75
2020-12-12T10:40:30Z;23,13;27,69;1,69;21,63;36,19;37,88
2020-12-12T10:40:35Z;23,13;27,69;1,69;21,63;36,19;37,88
2020-12-12T10:40:40Z;23,13;27,69;1,94;21,63;36,25;38,19
2020-12-12T10:40:45Z;23,13;27,69;1,94;21,63;36,25;38,19
2020-12-12T10:40:50Z;23,13;27,69;2,07;21,63;36,31;38,38
2020-12-12T10:40:55Z;23,13;27,69;2,07;21,63;36,31;38,38
2020-12-12T10:41:00Z;23,13;27,69;2,25;21,63;36,44;38,69
2020-12-12T10:41:05Z;23,13;27,69;2,25;21,63;36,44;38,69
2020-12-12T10:41:10Z;23,13;27,69;2,31;21,63;36,50;38,81
2020-12-12T10:41:15Z;23,00;27,69;2,31;21,63;36,50;38,81
2020-12-12T10:41:20Z;23,00;27,69;2,44;21,63;36,56;39,00
2020-12-12T10:41:25Z;23,00;27,69;2,44;21,63;36,56;39,00
2020-12-12T10:41:30Z;23,00;27,69;2,56;21,63;36,75;39,31
2020-12-12T10:41:35Z;23,00;27,69;2,56;21,63;36,75;39,31
2020-12-12T10:41:40Z;23,00;27,69;2,63;21,63;36,81;39,44
2020-12-12T10:41:45Z;23,00;27,69;2,63;21,63;36,81;39,44
2020-12-12T10:41:50Z;23,00;27,69;2,94;21,63;36,94;39,88
2020-12-12T10:41:55Z;23,00;27,69;2,94;21,63;36,94;39,88
2020-12-12T10:42:00Z;23,00;27,69;3,19;21,63;37,00;40,19
2020-12-12T10:42:05Z;23,00;27,69;3,19;21,63;37,00;40,19
2020-12-12T10:42:10Z;23,00;27,69;3,69;21,63;37,25;40,94
2020-12-12T10:42:15Z;23,00;27,69;3,69;21,63;37,25;40,94
2020-12-12T10:42:20Z;23,00;27,69;3,93;21,63;37,38;41,31
2020-12-12T10:42:25Z;23,00;27,69;3,93;21,63;37,38;41,31
2020-12-12T10:42:30Z;23,00;27,63;4,25;21,63;37,69;41,94
2020-12-12T10:42:35Z;23,00;27,63;4,25;21,63;37,69;41,94
2020-12-12T10:42:40Z;23,00;27,63;4,43;21,63;37,88;42,31
2020-12-12T10:42:45Z;23,00;27,63;4,43;21,63;37,88;42,31
2020-12-12T10:42:50Z;23,00;27,63;4,31;21,63;38,19;42,50
2020-12-12T10:42:55Z;22,94;27,63;4,31;21,63;38,19;42,50
2020-12-12T10:43:00Z;22,94;27,63;3,74;21,63;38,38;42,12
2020-12-12T10:43:05Z;22,94;27,63;3,74;21,63;38,38;42,12
2020-12-12T10:43:10Z;22,94;27,63;3,74;21,63;38,38;42,12
2020-12-12T10:43:15Z;22,94;27,63;3,74;21,63;38,38;42,12
2020-12-12T10:43:20Z;22,94;27,63;2,62;21,63;38,50;41,12
2020-12-12T10:43:25Z;22,94;27,63;2,62;21,63;38,50;41,12
2020-12-12T10:43:30Z;22,94;27,63;2,37;21,63;38,44;40,81
2020-12-12T10:43:35Z;22,94;27,63;2,37;21,63;38,44;40,81
2020-12-12T10:43:40Z;22,94;27,63;1,87;21,63;38,44;40,31
2020-12-12T10:43:45Z;23,00;27,63;1,87;21,63;38,44;40,31
2020-12-12T10:43:50Z;23,00;27,63;1,75;21,63;38,44;40,19
2020-12-12T10:43:55Z;23,00;27,63;1,75;21,63;38,44;40,19
2020-12-12T10:44:00Z;23,00;27,63;1,81;21,63;38,38;40,19
2020-12-12T10:44:05Z;23,00;27,63;1,81;21,63;38,38;40,19
2020-12-12T10:44:10Z;23,00;27,63;2,00;21,63;38,38;40,38
2020-12-12T10:44:15Z;23,00;27,63;2,00;21,63;38,38;40,38
2020-12-12T10:44:20Z;23,00;27,63;2,06;21,63;38,44;40,50
2020-12-12T10:44:25Z;23,00;27,63;2,06;21,63;38,44;40,50
2020-12-12T10:44:30Z;23,00;27,63;2,12;21,63;38,50;40,62
2020-12-12T10:44:35Z;23,00;27,63;2,12;21,63;38,50;40,62
2020-12-12T10:44:40Z;23,00;27,63;2,12;21,63;38,50;40,62
2020-12-12T10:44:45Z;23,00;27,63;2,12;21,63;38,50;40,62
2020-12-12T10:44:50Z;23,00;27,63;2,06;21,63;38,56;40,62
2020-12-12T10:44:55Z;23,00;27,63;2,06;21,63;38,56;40,62
2020-12-12T10:45:00Z;23,00;27,81;2,00;21,69;38,50;40,50
2020-12-12T10:45:05Z;23,00;27,81;2,00;21,69;38,50;40,50
2020-12-12T10:45:10Z;23,00;27,81;1,81;21,69;38,50;40,31
2020-12-12T10:45:15Z;23,00;27,81;1,81;21,69;38,50;40,31
2020-12-12T10:45:20Z;23,00;27,81;1,69;21,69;38,50;40,19
2020-12-12T10:45:25Z;23,00;27,81;1,69;21,69;38,50;40,19
2020-12-12T10:45:30Z;23,00;27,81;1,56;21,69;38,38;39,94
2020-12-12T10:45:35Z;23,00;27,81;1,56;21,69;38,38;39,94
2020-12-12T10:45:40Z;23,00;27,81;1,44;21,69;38,25;39,69
2020-12-12T10:45:45Z;23,00;27,81;1,44;21,69;38,25;39,69
2020-12-12T10:45:50Z;23,00;27,81;1,37;21,69;38,19;39,56
2020-12-12T10:45:55Z;23,00;27,81;1,37;21,69;38,19;39,56
2020-12-12T10:46:00Z;23,00;27,81;1,25;21,69;38,06;39,31
2020-12-12T10:46:05Z;23,00;27,81;1,25;21,69;38,06;39,31
2020-12-12T10:46:10Z;23,00;27,81;1,19;21,69;38,00;39,19
2020-12-12T10:46:15Z;23,00;27,81;1,19;21,69;38,00;39,19
2020-12-12T10:46:20Z;23,00;27,81;1,00;21,69;37,81;38,81
2020-12-12T10:46:25Z;23,00;27,81;1,00;21,69;37,81;38,81
2020-12-12T10:46:30Z;23,00;27,81;0,81;21,69;37,75;38,56
2020-12-12T10:46:35Z;23,00;27,81;0,81;21,69;37,75;38,56
2020-12-12T10:46:40Z;23,00;27,81;0,44;21,69;37,50;37,94
2020-12-12T10:46:45Z;23,00;27,81;0,44;21,69;37,50;37,94
2020-12-12T10:46:50Z;23,00;27,81;0,31;21,69;37,31;37,62
2020-12-12T10:46:55Z;23,00;27,81;0,31;21,69;37,31;37,62
2020-12-12T10:47:00Z;23,00;27,81;0,12;21,69;36,94;37,06
2020-12-12T10:47:05Z;23,00;27,94;0,12;21,69;36,94;37,06
2020-12-12T10:47:10Z;23,00;27,94;0,13;21,69;36,75;36,88
2020-12-12T10:47:15Z;23,00;27,94;0,13;21,69;36,75;36,88
2020-12-12T10:47:20Z;23,00;27,94;0,18;21,69;36,44;36,62
2020-12-12T10:47:25Z;23,00;27,94;0,18;21,69;36,44;36,62
2020-12-12T10:47:30Z;23,00;27,94;0,25;21,69;36,25;36,50
2020-12-12T10:47:35Z;23,00;27,94;0,25;21,69;36,25;36,50
2020-12-12T10:47:40Z;23,00;27,94;0,50;21,69;36,06;36,56
2020-12-12T10:47:45Z;23,00;27,94;0,50;21,69;36,06;36,56
2020-12-12T10:47:50Z;23,00;27,94;0,88;21,69;36,00;36,88
2020-12-12T10:47:55Z;23,00;28,00;0,88;21,69;36,00;36,88
2020-12-12T10:48:00Z;23,00;28,00;1,06;21,69;36,00;37,06
2020-12-12T10:48:05Z;23,00;28,00;1,06;21,69;36,00;37,06
2020-12-12T10:48:10Z;23,00;28,00;1,56;21,69;36,06;37,62
2020-12-12T10:48:15Z;23,00;28,00;1,56;21,69;36,06;37,62
2020-12-12T10:48:20Z;23,00;28,00;1,82;21,69;36,06;37,88
2020-12-12T10:48:25Z;23,00;28,00;1,82;21,69;36,06;37,88
2020-12-12T10:48:30Z;23,00;28,00;2,00;21,69;36,19;38,19
2020-12-12T10:48:35Z;23,00;28,00;2,00;21,69;36,19;38,19
2020-12-12T10:48:40Z;23,00;28,00;2,13;21,69;36,25;38,38
2020-12-12T10:48:45Z;23,00;27,81;2,13;21,69;36,25;38,38
2020-12-12T10:48:50Z;23,00;27,81;2,37;21,69;36,38;38,75
2020-12-12T10:48:55Z;23,00;27,81;2,37;21,69;36,38;38,75
2020-12-12T10:49:00Z;23,00;27,81;2,31;21,69;36,44;38,75
2020-12-12T10:49:05Z;23,00;27,81;2,31;21,69;36,44;38,75
2020-12-12T10:49:10Z;23,00;27,81;2,57;21,69;36,62;39,19
2020-12-12T10:49:15Z;23,00;27,81;2,57;21,69;36,62;39,19
2020-12-12T10:49:20Z;23,00;27,81;2,56;21,69;36,75;39,31
2020-12-12T10:49:25Z;23,00;27,81;2,56;21,69;36,75;39,31
2020-12-12T10:49:30Z;23,00;27,81;2,88;21,69;36,81;39,69
2020-12-12T10:49:35Z;23,00;27,81;2,88;21,69;36,81;39,69
2020-12-12T10:49:40Z;23,00;27,81;2,94;21,69;37,00;39,94
2020-12-12T10:49:45Z;23,00;27,81;2,94;21,69;37,00;39,94
2020-12-12T10:49:50Z;23,00;27,81;2,94;21,69;37,12;40,06
2020-12-12T10:49:55Z;23,00;27,81;2,94;21,69;37,12;40,06
2020-12-12T10:50:00Z;22,94;27,81;3,00;21,69;37,25;40,25
2020-12-12T10:50:05Z;22,94;27,81;3,00;21,69;37,25;40,25
2020-12-12T10:50:10Z;22,94;27,81;2,94;21,69;37,31;40,25
2020-12-12T10:50:15Z;22,94;27,81;2,94;21,69;37,31;40,25
2020-12-12T10:50:20Z;22,94;27,81;2,94;21,69;37,44;40,38
2020-12-12T10:50:25Z;22,94;27,69;2,94;21,69;37,44;40,38
2020-12-12T10:50:30Z;22,94;27,69;3,00;21,69;37,44;40,44
2020-12-12T10:50:35Z;22,94;27,69;3,00;21,69;37,44;40,44
2020-12-12T10:50:40Z;22,94;27,69;2,82;21,69;37,56;40,38
2020-12-12T10:50:45Z;22,94;27,69;2,82;21,69;37,56;40,38
2020-12-12T10:50:50Z;22,94;27,69;2,69;21,69;37,62;40,31
2020-12-12T10:50:55Z;22,94;27,69;2,69;21,69;37,62;40,31
2020-12-12T10:51:00Z;22,94;27,69;2,56;21,69;37,69;40,25
2020-12-12T10:51:05Z;22,94;27,69;2,56;21,69;37,69;40,25
2020-12-12T10:51:10Z;22,94;27,69;2,37;21,69;37,69;40,06
2020-12-12T10:51:15Z;22,94;27,69;2,37;21,69;37,69;40,06
2020-12-12T10:51:20Z;22,94;27,69;2,31;21,69;37,69;40,00
2020-12-12T10:51:25Z;22,94;27,69;2,31;21,69;37,69;40,00
2020-12-12T10:51:30Z;22,94;27,69;2,25;21,69;37,69;39,94
2020-12-12T10:51:35Z;22,94;27,69;2,25;21,69;37,69;39,94
2020-12-12T10:51:40Z;22,94;27,69;2,00;21,69;37,69;39,69
2020-12-12T10:51:45Z;22,94;27,69;2,00;21,69;37,69;39,69
2020-12-12T10:51:50Z;22,94;27,69;1,81;21,69;37,69;39,50
2020-12-12T10:51:55Z;22,94;27,69;1,81;21,69;37,69;39,50
2020-12-12T10:52:00Z;22,94;27,69;1,76;21,69;37,62;39,38
2020-12-12T10:52:05Z;22,94;27,69;1,76;21,69;37,62;39,38
2020-12-12T10:52:10Z;22,94;27,69;1,69;21,69;37,62;39,31
2020-12-12T10:52:15Z;22,94;27,69;1,69;21,69;37,62;39,31
2020-12-12T10:52:20Z;22,94;27,69;1,82;21,69;37,62;39,44
2020-12-12T10:52:25Z;22,94;27,69;1,82;21,69;37,62;39,44
2020-12-12T10:52:30Z;22,94;27,69;1,93;21,69;37,69;39,62
2020-12-12T10:52:35Z;22,94;27,69;1,93;21,69;37,69;39,62
2020-12-12T10:52:40Z;22,94;27,69;2,12;21,69;37,69;39,81
2020-12-12T10:52:45Z;22,94;27,69;2,12;21,69;37,69;39,81
2020-12-12T10:52:50Z;22,94;27,69;2,06;21,69;37,75;39,81
2020-12-12T10:52:55Z;23,00;27,69;2,06;21,69;37,75;39,81
2020-12-12T10:53:00Z;23,00;27,69;2,07;21,69;37,81;39,88
2020-12-12T10:53:05Z;23,00;27,69;2,07;21,69;37,81;39,88
2020-12-12T10:53:10Z;23,00;27,69;2,00;21,69;37,81;39,81
2020-12-12T10:53:15Z;23,00;27,69;2,00;21,69;37,81;39,81
2020-12-12T10:53:20Z;23,00;27,69;1,94;21,69;37,81;39,75
2020-12-12T10:53:25Z;23,00;27,69;1,94;21,69;37,81;39,75
2020-12-12T10:53:30Z;23,00;27,69;1,88;21,69;37,81;39,69
2020-12-12T10:53:35Z;23,00;27,69;1,88;21,69;37,81;39,69
2020-12-12T10:53:40Z;23,00;27,69;1,69;21,69;37,75;39,44
2020-12-12T10:53:45Z;22,94;27,81;1,69;21,69;37,75;39,44
2020-12-12T10:53:50Z;22,94;27,81;1,75;21,69;37,69;39,44
2020-12-12T10:53:55Z;22,94;27,81;1,75;21,69;37,69;39,44
2020-12-12T10:54:00Z;22,94;27,81;1,37;21,69;37,69;39,06
2020-12-12T10:54:05Z;22,94;27,81;1,37;21,69;37,69;39,06
2020-12-12T10:54:10Z;22,94;27,81;1,12;21,69;37,50;38,62
2020-12-12T10:54:15Z;22,94;27,81;1,12;21,69;37,50;38,62
2020-12-12T10:54:20Z;22,94;27,81;0,93;21,69;37,38;38,31
2020-12-12T10:54:25Z;22,94;27,81;0,93;21,69;37,38;38,31
2020-12-12T10:54:30Z;22,94;27,81;0,57;21,69;37,12;37,69
2020-12-12T10:54:35Z;22,94;27,81;0,57;21,69;37,12;37,69
2020-12-12T10:54:40Z;22,94;27,81;0,50;21,69;37,00;37,50
2020-12-12T10:54:45Z;22,94;27,81;0,50;21,69;37,00;37,50
2020-12-12T10:54:50Z;22,94;27,81;0,43;21,69;36,69;37,12
2020-12-12T10:54:55Z;22,94;27,81;0,43;21,69;36,69;37,12
2020-12-12T10:55:00Z;22,94;27,81;0,44;21,81;36,56;37,00
2020-12-12T10:55:05Z;22,94;27,81;0,44;21,81;36,56;37,00
2020-12-12T10:55:10Z;22,94;27,81;0,50;21,81;36,38;36,88
2020-12-12T10:55:15Z;22,94;27,81;0,50;21,81;36,38;36,88
2020-12-12T10:55:20Z;22,94;27,81;0,63;21,81;36,25;36,88
2020-12-12T10:55:25Z;22,94;27,81;0,63;21,81;36,25;36,88
2020-12-12T10:55:30Z;22,94;27,81;0,76;21,81;36,12;36,88
2020-12-12T10:55:35Z;22,94;27,81;0,76;21,81;36,12;36,88
2020-12-12T10:55:40Z;22,94;27,81;1,00;21,81;36,00;37,00
2020-12-12T10:55:45Z;22,94;27,81;1,00;21,81;36,00;37,00
2020-12-12T10:55:50Z;22,94;27,81;1,06;21,81;36,00;37,06
2020-12-12T10:55:55Z;22,94;27,81;1,06;21,81;36,00;37,06
2020-12-12T10:56:00Z;22,94;27,81;1,12;21,81;36,00;37,12
2020-12-12T10:56:05Z;22,94;27,81;1,12;21,81;36,00;37,12
2020-12-12T10:56:10Z;22,94;27,81;1,44;21,81;35,94;37,38
2020-12-12T10:56:15Z;23,00;27,81;1,44;21,81;35,94;37,38
2020-12-12T10:56:20Z;23,00;27,81;1,94;21,81;36,06;38,00
2020-12-12T10:56:25Z;23,00;27,81;1,94;21,81;36,06;38,00
2020-12-12T10:56:30Z;23,00;27,81;2,19;21,81;36,19;38,38
2020-12-12T10:56:35Z;23,00;27,81;2,19;21,81;36,19;38,38
2020-12-12T10:56:40Z;23,00;27,69;2,81;21,81;36,38;39,19
2020-12-12T10:56:45Z;23,00;27,69;2,81;21,81;36,38;39,19
2020-12-12T10:56:50Z;23,00;27,69;3,26;21,81;36,62;39,88
2020-12-12T10:56:55Z;23,00;27,69;3,26;21,81;36,62;39,88
2020-12-12T10:57:00Z;23,00;27,69;3,37;21,81;36,75;40,12
2020-12-12T10:57:05Z;23,00;27,69;3,37;21,81;36,75;40,12
2020-12-12T10:57:10Z;23,00;27,69;3,63;21,81;37,06;40,69
2020-12-12T10:57:15Z;23,00;27,69;3,63;21,81;37,06;40,69
2020-12-12T10:57:20Z;23,00;27,69;3,69;21,81;37,12;40,81
2020-12-12T10:57:25Z;23,00;27,69;3,69;21,81;37,12;40,81
2020-12-12T10:57:30Z;23,00;27,63;3,75;21,81;37,44;41,19
2020-12-12T10:57:35Z;23,00;27,63;3,75;21,81;37,44;41,19
2020-12-12T10:57:40Z;23,00;27,63;3,82;21,81;37,56;41,38
2020-12-12T10:57:45Z;23,00;27,63;3,82;21,81;37,56;41,38
2020-12-12T10:57:50Z;23,00;27,63;3,63;21,81;37,81;41,44
2020-12-12T10:57:55Z;22,94;27,63;3,63;21,81;37,81;41,44
2020-12-12T10:58:00Z;22,94;27,63;3,50;21,81;37,88;41,38
2020-12-12T10:58:05Z;22,94;27,63;3,50;21,81;37,88;41,38
2020-12-12T10:58:10Z;22,94;27,63;3,06;21,81;38,06;41,12
2020-12-12T10:58:15Z;22,94;27,63;3,06;21,81;38,06;41,12
2020-12-12T10:58:20Z;22,94;27,63;2,50;21,81;38,12;40,62
2020-12-12T10:58:25Z;22,94;27,63;2,50;21,81;38,12;40,62
2020-12-12T10:58:30Z;22,94;27,63;2,32;21,81;38,12;40,44
2020-12-12T10:58:35Z;22,94;27,63;2,32;21,81;38,12;40,44
2020-12-12T10:58:40Z;22,94;27,63;2,06;21,81;38,06;40,12
2020-12-12T10:58:45Z;23,00;27,63;2,06;21,81;38,06;40,12
2020-12-12T10:58:50Z;23,00;27,63;1,94;21,81;38,06;40,00
2020-12-12T10:58:55Z;23,00;27,63;1,94;21,81;38,06;40,00
2020-12-12T10:59:00Z;23,00;27,63;1,75;21,81;38,00;39,75
2020-12-12T10:59:05Z;23,00;27,63;1,75;21,81;38,00;39,75
2020-12-12T10:59:10Z;23,00;27,63;1,62;21,81;37,94;39,56
2020-12-12T10:59:15Z;23,00;27,63;1,62;21,81;37,94;39,56
2020-12-12T10:59:20Z;23,00;27,63;1,37;21,81;37,88;39,25
2020-12-12T10:59:25Z;23,00;27,63;1,37;21,81;37,88;39,25
2020-12-12T10:59:30Z;23,00;27,63;1,31;21,81;37,81;39,12
2020-12-12T10:59:35Z;23,00;27,63;1,31;21,81;37,81;39,12
2020-12-12T10:59:40Z;23,00;27,63;1,25;21,81;37,69;38,94
2020-12-12T10:59:45Z;23,00;27,63;1,25;21,81;37,69;38,94
2020-12-12T10:59:50Z;23,00;27,63;1,25;21,81;37,56;38,81
2020-12-12T10:59:55Z;23,00;27,63;1,25;21,81;37,56;38,81
2020-12-12T11:00:00Z;23,00;27,81;1,31;21,81;37,50;38,81
2020-12-12T11:00:05Z;23,00;27,81;1,31;21,81;37,50;38,81
2020-12-12T11:00:10Z;23,00;27,81;1,50;21,81;37,44;38,94
2020-12-12T11:00:15Z;23,00;27,81;1,50;21,81;37,44;38,94
2020-12-12T11:00:20Z;23,00;27,81;1,62;21,81;37,44;39,06
2020-12-12T11:00:25Z;23,00;27,81;1,62;21,81;37,44;39,06
2020-12-12T11:00:30Z;23,00;27,81;1,68;21,81;37,44;39,12
2020-12-12T11:00:35Z;23,00;27,81;1,68;21,81;37,44;39,12
2020-12-12T11:00:40Z;23,00;27,81;1,75;21,81;37,50;39,25
2020-12-12T11:00:45Z;23,00;27,81;1,75;21,81;37,50;39,25
2020-12-12T11:00:50Z;23,00;27,81;1,69;21,81;37,56;39,25
2020-12-12T11:00:55Z;23,00;27,81;1,69;21,81;37,56;39,25
2020-12-12T11:01:00Z;23,00;27,81;1,69;21,81;37,50;39,19
2020-12-12T11:01:05Z;23,00;27,81;1,69;21,81;37,50;39,19
2020-12-12T11:01:10Z;23,00;27,81;1,62;21,81;37,50;39,12
2020-12-12T11:01:15Z;23,00;27,81;1,62;21,81;37,50;39,12
2020-12-12T11:01:20Z;23,00;27,81;1,56;21,81;37,44;39,00
2020-12-12T11:01:25Z;23,00;27,81;1,56;21,81;37,44;39,00
2020-12-12T11:01:30Z;23,00;27,81;1,56;21,81;37,44;39,00
2020-12-12T11:01:35Z;23,00;27,81;1,56;21,81;37,44;39,00
2020-12-12T11:01:40Z;23,13;27,81;2,19;21,81;37,50;39,69
2020-12-12T11:01:45Z;23,13;27,81;2,19;21,81;37,50;39,69
2020-12-12T11:01:50Z;23,13;27,81;2,44;21,81;37,56;40,00
2020-12-12T11:01:55Z;23,13;27,81;2,44;21,81;37,56;40,00
2020-12-12T11:02:00Z;23,13;27,81;2,69;21,81;37,81;40,50
2020-12-12T11:02:05Z;23,13;27,81;2,69;21,81;37,81;40,50
2020-12-12T11:02:10Z;23,13;27,81;2,81;21,81;37,81;40,62
2020-12-12T11:02:15Z;23,13;27,81;2,81;21,81;37,81;40,62
2020-12-12T11:02:20Z;23,13;27,81;2,44;21,81;38,00;40,44
2020-12-12T11:02:25Z;23,13;27,81;2,44;21,81;38,00;40,44
2020-12-12T11:02:30Z;23,19;27,81;2,12;21,81;38,00;40,12
2020-12-12T11:02:35Z;23,19;27,81;2,12;21,81;38,00;40,12
2020-12-12T11:02:40Z;23,19;27,81;1,56;21,81;38,00;39,56
2020-12-12T11:02:45Z;23,19;27,81;1,56;21,81;38,00;39,56
2020-12-12T11:02:50Z;23,19;27,81;0,50;21,81;37,75;38,25
2020-12-12T11:02:55Z;23,19;28,13;0,50;21,81;37,75;38,25
2020-12-12T11:03:00Z;23,19;28,13;0,13;21,81;37,56;37,69
2020-12-12T11:03:05Z;23,19;28,13;0,13;21,81;37,56;37,69
2020-12-12T11:03:10Z;23,19;28,13;-0,06;21,81;37,06;37,00
2020-12-12T11:03:15Z;23,19;28,13;-0,06;21,81;37,06;37,00
2020-12-12T11:03:20Z;23,19;28,13;0,06;21,81;36,88;36,94
2020-12-12T11:03:25Z;23,19;28,13;0,06;21,81;36,88;36,94
2020-12-12T11:03:30Z;23,19;28,13;0,19;21,81;36,50;36,69
2020-12-12T11:03:35Z;23,19;28,13;0,19;21,81;36,50;36,69
2020-12-12T11:03:40Z;23,19;28,13;0,25;21,81;36,31;36,56
2020-12-12T11:03:45Z;23,19;28,13;0,25;21,81;36,31;36,56
2020-12-12T11:03:50Z;23,19;28,13;0,32;21,81;36,12;36,44
2020-12-12T11:03:55Z;23,19;28,13;0,32;21,81;36,12;36,44
2020-12-12T11:04:00Z;23,19;28,13;0,44;21,81;36,00;36,44
2020-12-12T11:04:05Z;23,19;28,13;0,44;21,81;36,00;36,44
2020-12-12T11:04:10Z;23,31;28,13;0,68;21,81;35,88;36,56
2020-12-12T11:04:15Z;23,31;28,13;0,68;21,81;35,88;36,56
2020-12-12T11:04:20Z;23,31;28,13;0,87;21,81;35,88;36,75
2020-12-12T11:04:25Z;23,31;28,13;0,87;21,81;35,88;36,75
2020-12-12T11:04:30Z;23,31;28,13;1,25;21,81;35,94;37,19
2020-12-12T11:04:35Z;23,31;28,44;1,25;21,81;35,94;37,19
2020-12-12T11:04:40Z;23,31;28,44;1,44;21,81;35,94;37,38
2020-12-12T11:04:45Z;23,31;28,44;1,44;21,81;35,94;37,38
2020-12-12T11:04:50Z;23,31;28,44;1,69;21,81;36,12;37,81
2020-12-12T11:04:55Z;23,31;28,44;1,69;21,81;36,12;37,81
2020-12-12T11:05:00Z;23,31;28,44;2,00;21,81;36,25;38,25
2020-12-12T11:05:05Z;23,31;28,44;2,00;21,81;36,25;38,25
2020-12-12T11:05:10Z;23,31;28,44;2,31;21,81;36,25;38,56
2020-12-12T11:05:15Z;23,31;28,44;2,31;21,81;36,25;38,56
2020-12-12T11:05:20Z;23,31;28,44;2,75;21,81;36,56;39,31
2020-12-12T11:05:25Z;23,31;28,81;2,75;21,81;36,56;39,31
2020-12-12T11:05:30Z;23,31;28,81;3,06;21,81;36,75;39,81
2020-12-12T11:05:35Z;23,31;28,81;3,06;21,81;36,75;39,81
2020-12-12T11:05:40Z;23,31;28,81;3,56;21,81;37,06;40,62
2020-12-12T11:05:45Z;23,31;28,81;3,56;21,81;37,06;40,62
2020-12-12T11:05:50Z;23,31;28,81;3,81;21,81;37,25;41,06
2020-12-12T11:05:55Z;23,31;28,81;3,81;21,81;37,25;41,06
2020-12-12T11:06:00Z;23,31;28,81;4,07;21,81;37,62;41,69
